<?xml version="1.0" encoding="utf-8"?>
<extension type="component" version="2.5" method="upgrade">
	<name>com_categories</name>
		<author>Joomla! Project</author>
	<creationDate>December 2007</creationDate>
		<copyright>(C) 2005 - 2013 Open Source Matters. All rights reserved.</copyright>
		<license>http://www.gnu.org/licenses/gpl-2.0.html GNU/GPL</license>
		<authorEmail>admin@joomla.org</authorEmail>
		<authorUrl>www.joomla.org</authorUrl>
		<version>2.5.0</version>
		<description>COM_CATEGORIES_XML_DESCRIPTION</description>
	<administration>
		<files folder="admin">
			<filename>categories.php</filename>
			<filename>config.xml</filename>
			<filename>controller.php</filename>
			<filename>index.html</filename>
			<folder>controllers</folder>
			<folder>helpers</folder>
			<folder>models</folder>
			<folder>views</folder>
		</files>
		<languages folder="admin">
			<language tag="en-GB">language/en-GB.com_categories.ini
			</language>
		</languages>
	</administration>
</extension>


